userId,username,name
1,iris9112,Isabel Ruiz Buriticá
2,dianaclarke,Diana
3,nateprewitt,Nate Prewitt
4,oldani,Ordanis Sanchez
5,waflessnet,waflessnet
6,luisbalru,Luis Balderas Ruiz
7,elswork,elswork
8,l3s777,l3s777
9,camiloyate09,Camilo Yate
10,josmig,José Miguel Pantigoso
11,davidmartinezros,David Martínez Ros
12,jbagnato,Juan Ignacio Bagnato
13,otromaximiliano,Lindolfo Maximiliano Ayala Aguirre
14,aguadotzn,Adrián
15,sjvasconcello,sjvasconcello
16,Armando115Tapia,Armando Tapia
17,carlosevi94,Carlos Sevilla Barceló
18,bmanobel,bmanobel
19,marisbotero,Maris Botero
20,diazandr3s,Andres Diaz-Pinto
21,nfultz,Neal Fultz
22,miguelzetina,Miguel Angel Zetina Zetina
23,kevin11h,Kevin Hung
24,raulcd,Raúl Cumplido
25,KatherineMichel,KatherineMichel
26,MIKNOTAURO,Ángel Galicia
27,simplesolutiondev,simplesolutiondev
28,ltciro,Laura Ciro
29,Danieldevop,Danieldevop
30,paaaron,Pedro Aaron